,GRID_TYPE,GAME_ID,GAME_EVENT_ID,PLAYER_ID,PLAYER_NAME,TEAM_ID,TEAM_NAME,PERIOD,MINUTES_REMAINING,SECONDS_REMAINING,EVENT_TYPE,ACTION_TYPE,SHOT_TYPE,SHOT_ZONE_BASIC,SHOT_ZONE_AREA,SHOT_ZONE_RANGE,SHOT_DISTANCE,LOC_X,LOC_Y,SHOT_ATTEMPTED_FLAG,SHOT_MADE_FLAG,GAME_DATE,HTM,VTM,Original_Index
134947,Shot Chart Detail,21500077,215,1897,Metta World Peace,1610612747,Los Angeles Lakers,2,7,6,Missed Shot,Jump Shot,3PT Field Goal,Above the Break 3,Left Side Center(LC),24+ ft.,26,-176,194,1,0,20151106,BKN,LAL,134947
134948,Shot Chart Detail,21500077,356,1897,Metta World Peace,1610612747,Los Angeles Lakers,3,4,47,Made Shot,Jump Shot,3PT Field Goal,Left Corner 3,Left Side(L),24+ ft.,22,-228,-19,1,1,20151106,BKN,LAL,134948
134949,Shot Chart Detail,21500077,390,1897,Metta World Peace,1610612747,Los Angeles Lakers,3,1,31,Missed Shot,Jump Shot,3PT Field Goal,Above the Break 3,Right Side Center(RC),24+ ft.,23,210,116,1,0,20151106,BKN,LAL,134949
134950,Shot Chart Detail,21500095,225,1897,Metta World Peace,1610612747,Los Angeles Lakers,2,4,0,Made Shot,Jump Shot,3PT Field Goal,Left Corner 3,Left Side(L),24+ ft.,24,-237,51,1,1,20151108,NYK,LAL,134950
134951,Shot Chart Detail,21500095,447,1897,Metta World Peace,1610612747,Los Angeles Lakers,4,8,1,Made Shot,Jump Shot,2PT Field Goal,Mid-Range,Center(C),8-16 ft.,15,37,154,1,1,20151108,NYK,LAL,134951
134952,Shot Chart Detail,21500095,455,1897,Metta World Peace,1610612747,Los Angeles Lakers,4,7,18,Made Shot,Jump Shot,3PT Field Goal,Left Corner 3,Left Side(L),24+ ft.,24,-240,-10,1,1,20151108,NYK,LAL,134952
134953,Shot Chart Detail,21500095,461,1897,Metta World Peace,1610612747,Los Angeles Lakers,4,6,13,Missed Shot,Jump Shot,2PT Field Goal,Mid-Range,Left Side(L),8-16 ft.,14,-132,52,1,0,20151108,NYK,LAL,134953
134954,Shot Chart Detail,21500108,20,1897,Metta World Peace,1610612747,Los Angeles Lakers,1,9,42,Made Shot,Layup Shot,2PT Field Goal,Restricted Area,Center(C),Less Than 8 ft.,1,19,2,1,1,20151110,MIA,LAL,134954
134955,Shot Chart Detail,21500108,56,1897,Metta World Peace,1610612747,Los Angeles Lakers,1,6,46,Missed Shot,Driving Finger Roll Layup Shot,2PT Field Goal,Restricted Area,Center(C),Less Than 8 ft.,1,-16,-1,1,0,20151110,MIA,LAL,134955
134956,Shot Chart Detail,21500108,215,1897,Metta World Peace,1610612747,Los Angeles Lakers,2,4,30,Made Shot,Jump Shot,3PT Field Goal,Above the Break 3,Left Side Center(LC),24+ ft.,24,-205,129,1,1,20151110,MIA,LAL,134956
134957,Shot Chart Detail,21500108,256,1897,Metta World Peace,1610612747,Los Angeles Lakers,2,1,12,Made Shot,Jump Shot,3PT Field Goal,Left Corner 3,Left Side(L),24+ ft.,24,-246,-1,1,1,20151110,MIA,LAL,134957
134958,Shot Chart Detail,21500108,268,1897,Metta World Peace,1610612747,Los Angeles Lakers,3,10,44,Missed Shot,Jump Shot,2PT Field Goal,Mid-Range,Left Side(L),16-24 ft.,21,-181,124,1,0,20151110,MIA,LAL,134958
134959,Shot Chart Detail,21500108,302,1897,Metta World Peace,1610612747,Los Angeles Lakers,3,6,17,Made Shot,Jump Shot,3PT Field Goal,Above the Break 3,Left Side Center(LC),24+ ft.,25,-222,121,1,1,20151110,MIA,LAL,134959
134960,Shot Chart Detail,21500108,327,1897,Metta World Peace,1610612747,Los Angeles Lakers,3,3,14,Made Shot,Jump Shot,3PT Field Goal,Right Corner 3,Right Side(R),24+ ft.,24,245,-6,1,1,20151110,MIA,LAL,134960
134961,Shot Chart Detail,21500114,23,1897,Metta World Peace,1610612747,Los Angeles Lakers,1,9,23,Made Shot,Running Jump Shot,3PT Field Goal,Above the Break 3,Right Side Center(RC),24+ ft.,23,197,134,1,1,20151111,ORL,LAL,134961
134962,Shot Chart Detail,21500114,26,1897,Metta World Peace,1610612747,Los Angeles Lakers,1,8,58,Missed Shot,Jump Shot,3PT Field Goal,Above the Break 3,Center(C),24+ ft.,25,40,249,1,0,20151111,ORL,LAL,134962
134963,Shot Chart Detail,21500114,36,1897,Metta World Peace,1610612747,Los Angeles Lakers,1,7,50,Made Shot,Layup Shot,2PT Field Goal,Restricted Area,Center(C),Less Than 8 ft.,2,-22,2,1,1,20151111,ORL,LAL,134963
134964,Shot Chart Detail,21500114,167,1897,Metta World Peace,1610612747,Los Angeles Lakers,2,7,15,Made Shot,Jump Shot,2PT Field Goal,Mid-Range,Left Side(L),16-24 ft.,16,-169,7,1,1,20151111,ORL,LAL,134964
134965,Shot Chart Detail,21500114,219,1897,Metta World Peace,1610612747,Los Angeles Lakers,2,2,25,Missed Shot,Layup Shot,2PT Field Goal,Restricted Area,Center(C),Less Than 8 ft.,1,-12,3,1,0,20151111,ORL,LAL,134965
134966,Shot Chart Detail,21500114,227,1897,Metta World Peace,1610612747,Los Angeles Lakers,2,1,58,Made Shot,Jump Shot,2PT Field Goal,Mid-Range,Left Side(L),16-24 ft.,18,-165,75,1,1,20151111,ORL,LAL,134966
134967,Shot Chart Detail,21500114,258,1897,Metta World Peace,1610612747,Los Angeles Lakers,3,11,28,Missed Shot,Jump Shot,3PT Field Goal,Above the Break 3,Right Side Center(RC),24+ ft.,24,222,105,1,0,20151111,ORL,LAL,134967
134968,Shot Chart Detail,21500135,102,1897,Metta World Peace,1610612747,Los Angeles Lakers,1,1,54,Missed Shot,Jump Shot,2PT Field Goal,Mid-Range,Left Side Center(LC),16-24 ft.,21,-130,175,1,0,20151113,DAL,LAL,134968
134969,Shot Chart Detail,21500135,105,1897,Metta World Peace,1610612747,Los Angeles Lakers,1,1,24,Missed Shot,Driving Layup Shot,2PT Field Goal,Restricted Area,Center(C),Less Than 8 ft.,0,-1,7,1,0,20151113,DAL,LAL,134969
134970,Shot Chart Detail,21500135,198,1897,Metta World Peace,1610612747,Los Angeles Lakers,2,5,3,Missed Shot,Jump Shot,3PT Field Goal,Right Corner 3,Right Side(R),24+ ft.,23,232,52,1,0,20151113,DAL,LAL,134970
134971,Shot Chart Detail,21500135,360,1897,Metta World Peace,1610612747,Los Angeles Lakers,3,3,28,Missed Shot,Driving Bank shot,2PT Field Goal,Restricted Area,Center(C),Less Than 8 ft.,3,-37,3,1,0,20151113,DAL,LAL,134971
134972,Shot Chart Detail,21500135,377,1897,Metta World Peace,1610612747,Los Angeles Lakers,3,2,7,Missed Shot,Jump Shot,3PT Field Goal,Right Corner 3,Right Side(R),24+ ft.,23,233,11,1,0,20151113,DAL,LAL,134972
134973,Shot Chart Detail,21500135,393,1897,Metta World Peace,1610612747,Los Angeles Lakers,3,0,45,Missed Shot,Driving Layup Shot,2PT Field Goal,Restricted Area,Center(C),Less Than 8 ft.,0,-7,-1,1,0,20151113,DAL,LAL,134973
134974,Shot Chart Detail,21500135,532,1897,Metta World Peace,1610612747,Los Angeles Lakers,4,3,19,Missed Shot,Jump Shot,3PT Field Goal,Right Corner 3,Right Side(R),24+ ft.,23,236,23,1,0,20151113,DAL,LAL,134974
134975,Shot Chart Detail,21500135,548,1897,Metta World Peace,1610612747,Los Angeles Lakers,4,1,3,Missed Shot,Driving Layup Shot,2PT Field Goal,Restricted Area,Center(C),Less Than 8 ft.,1,-19,2,1,0,20151113,DAL,LAL,134975
134976,Shot Chart Detail,21500135,565,1897,Metta World Peace,1610612747,Los Angeles Lakers,4,0,27,Missed Shot,Jump Shot,3PT Field Goal,Left Corner 3,Left Side(L),24+ ft.,23,-235,13,1,0,20151113,DAL,LAL,134976
134977,Shot Chart Detail,21500151,211,1897,Metta World Peace,1610612747,Los Angeles Lakers,2,4,14,Missed Shot,Jump Shot,3PT Field Goal,Right Corner 3,Right Side(R),24+ ft.,22,228,-1,1,0,20151115,LAL,DET,134977
134978,Shot Chart Detail,21500151,381,1897,Metta World Peace,1610612747,Los Angeles Lakers,3,3,23,Missed Shot,Jump Shot,3PT Field Goal,Right Corner 3,Right Side(R),24+ ft.,23,233,31,1,0,20151115,LAL,DET,134978
134979,Shot Chart Detail,21500151,384,1897,Metta World Peace,1610612747,Los Angeles Lakers,3,2,55,Missed Shot,Layup Shot,2PT Field Goal,Restricted Area,Center(C),Less Than 8 ft.,2,20,21,1,0,20151115,LAL,DET,134979
134980,Shot Chart Detail,21500157,12,1897,Metta World Peace,1610612747,Los Angeles Lakers,1,10,10,Made Shot,Jump Shot,2PT Field Goal,Mid-Range,Center(C),16-24 ft.,19,-22,198,1,1,20151116,PHX,LAL,134980
134981,Shot Chart Detail,21500157,15,1897,Metta World Peace,1610612747,Los Angeles Lakers,1,9,51,Made Shot,Jump Shot,3PT Field Goal,Above the Break 3,Right Side Center(RC),24+ ft.,25,205,146,1,1,20151116,PHX,LAL,134981
134982,Shot Chart Detail,21500157,44,1897,Metta World Peace,1610612747,Los Angeles Lakers,1,7,28,Made Shot,Driving Floating Jump Shot,2PT Field Goal,Restricted Area,Center(C),Less Than 8 ft.,3,38,2,1,1,20151116,PHX,LAL,134982
134983,Shot Chart Detail,21500157,50,1897,Metta World Peace,1610612747,Los Angeles Lakers,1,6,36,Made Shot,Jump Shot,3PT Field Goal,Above the Break 3,Center(C),24+ ft.,23,20,239,1,1,20151116,PHX,LAL,134983
134984,Shot Chart Detail,21500157,277,1897,Metta World Peace,1610612747,Los Angeles Lakers,3,11,14,Missed Shot,Jump Shot,2PT Field Goal,In The Paint (Non-RA),Center(C),Less Than 8 ft.,7,74,13,1,0,20151116,PHX,LAL,134984
134985,Shot Chart Detail,21500157,311,1897,Metta World Peace,1610612747,Los Angeles Lakers,3,7,16,Missed Shot,Jump Shot,3PT Field Goal,Above the Break 3,Left Side Center(LC),24+ ft.,25,-225,126,1,0,20151116,PHX,LAL,134985
134986,Shot Chart Detail,21500188,105,1897,Metta World Peace,1610612747,Los Angeles Lakers,1,0,1,Missed Shot,Jump Shot,3PT Field Goal,Above the Break 3,Right Side Center(RC),24+ ft.,23,133,198,1,0,20151120,LAL,TOR,134986
134987,Shot Chart Detail,21500188,438,1897,Metta World Peace,1610612747,Los Angeles Lakers,4,4,5,Missed Shot,Jump Shot,3PT Field Goal,Above the Break 3,Left Side Center(LC),24+ ft.,24,-197,151,1,0,20151120,LAL,TOR,134987
134988,Shot Chart Detail,21500188,443,1897,Metta World Peace,1610612747,Los Angeles Lakers,4,3,49,Made Shot,Jump Shot,3PT Field Goal,Left Corner 3,Left Side(L),24+ ft.,23,-233,11,1,1,20151120,LAL,TOR,134988
134989,Shot Chart Detail,21500188,454,1897,Metta World Peace,1610612747,Los Angeles Lakers,4,2,47,Missed Shot,Jump Shot,3PT Field Goal,Above the Break 3,Left Side Center(LC),24+ ft.,24,-117,219,1,0,20151120,LAL,TOR,134989
134990,Shot Chart Detail,21500201,129,1897,Metta World Peace,1610612747,Los Angeles Lakers,2,11,1,Missed Shot,Jump Shot,2PT Field Goal,Mid-Range,Left Side(L),8-16 ft.,13,-130,41,1,0,20151122,LAL,POR,134990
134991,Shot Chart Detail,21500201,397,1897,Metta World Peace,1610612747,Los Angeles Lakers,3,0,37,Missed Shot,Jump Shot,2PT Field Goal,Mid-Range,Left Side(L),16-24 ft.,21,-213,51,1,0,20151122,LAL,POR,134991
134992,Shot Chart Detail,21500201,439,1897,Metta World Peace,1610612747,Los Angeles Lakers,4,9,11,Missed Shot,Jump Shot,2PT Field Goal,In The Paint (Non-RA),Center(C),Less Than 8 ft.,4,-38,26,1,0,20151122,LAL,POR,134992
134993,Shot Chart Detail,21500214,430,1897,Metta World Peace,1610612747,Los Angeles Lakers,4,4,55,Missed Shot,Layup Shot,2PT Field Goal,Restricted Area,Center(C),Less Than 8 ft.,2,-20,21,1,0,20151124,GSW,LAL,134993
134994,Shot Chart Detail,21500244,96,1897,Metta World Peace,1610612747,Los Angeles Lakers,1,0,34,Made Shot,Driving Finger Roll Layup Shot,2PT Field Goal,Restricted Area,Center(C),Less Than 8 ft.,2,-1,28,1,1,20151128,POR,LAL,134994
134995,Shot Chart Detail,21500244,108,1897,Metta World Peace,1610612747,Los Angeles Lakers,2,11,45,Missed Shot,Jump Shot,3PT Field Goal,Left Corner 3,Left Side(L),24+ ft.,23,-237,36,1,0,20151128,POR,LAL,134995
134996,Shot Chart Detail,21500244,124,1897,Metta World Peace,1610612747,Los Angeles Lakers,2,10,26,Made Shot,Jump Shot,2PT Field Goal,Mid-Range,Left Side Center(LC),16-24 ft.,22,-110,198,1,1,20151128,POR,LAL,134996
134997,Shot Chart Detail,21500244,324,1897,Metta World Peace,1610612747,Los Angeles Lakers,3,3,57,Missed Shot,Jump Shot,3PT Field Goal,Above the Break 3,Center(C),24+ ft.,24,14,242,1,0,20151128,POR,LAL,134997
134998,Shot Chart Detail,21500244,359,1897,Metta World Peace,1610612747,Los Angeles Lakers,3,1,27,Missed Shot,Jump Shot,3PT Field Goal,Above the Break 3,Left Side Center(LC),24+ ft.,24,-228,95,1,0,20151128,POR,LAL,134998
134999,Shot Chart Detail,21500244,441,1897,Metta World Peace,1610612747,Los Angeles Lakers,4,5,37,Missed Shot,Tip Layup Shot,2PT Field Goal,Restricted Area,Center(C),Less Than 8 ft.,1,0,-15,1,0,20151128,POR,LAL,134999
135000,Shot Chart Detail,21500253,81,1897,Metta World Peace,1610612747,Los Angeles Lakers,1,4,15,Missed Shot,Jump Shot,2PT Field Goal,Mid-Range,Left Side Center(LC),16-24 ft.,19,-63,183,1,0,20151129,LAL,IND,135000
135001,Shot Chart Detail,21500253,99,1897,Metta World Peace,1610612747,Los Angeles Lakers,1,2,21,Missed Shot,Jump Shot,3PT Field Goal,Above the Break 3,Center(C),24+ ft.,25,-6,257,1,0,20151129,LAL,IND,135001
135002,Shot Chart Detail,21500253,140,1897,Metta World Peace,1610612747,Los Angeles Lakers,2,10,11,Missed Shot,Layup Shot,2PT Field Goal,Restricted Area,Center(C),Less Than 8 ft.,2,-29,3,1,0,20151129,LAL,IND,135002
135003,Shot Chart Detail,21500253,159,1897,Metta World Peace,1610612747,Los Angeles Lakers,2,8,17,Missed Shot,Jump Shot,3PT Field Goal,Above the Break 3,Left Side Center(LC),24+ ft.,25,-122,219,1,0,20151129,LAL,IND,135003
135004,Shot Chart Detail,21500253,244,1897,Metta World Peace,1610612747,Los Angeles Lakers,2,1,25,Missed Shot,Layup Shot,2PT Field Goal,Restricted Area,Center(C),Less Than 8 ft.,1,1,18,1,0,20151129,LAL,IND,135004
135005,Shot Chart Detail,21500253,258,1897,Metta World Peace,1610612747,Los Angeles Lakers,2,0,36,Missed Shot,Tip Layup Shot,2PT Field Goal,Restricted Area,Center(C),Less Than 8 ft.,1,0,11,1,0,20151129,LAL,IND,135005
135006,Shot Chart Detail,21500253,345,1897,Metta World Peace,1610612747,Los Angeles Lakers,3,4,46,Missed Shot,Jump Shot,2PT Field Goal,Restricted Area,Center(C),Less Than 8 ft.,3,-35,11,1,0,20151129,LAL,IND,135006
135007,Shot Chart Detail,21500253,391,1897,Metta World Peace,1610612747,Los Angeles Lakers,3,1,2,Missed Shot,Jump Shot,3PT Field Goal,Above the Break 3,Left Side Center(LC),24+ ft.,25,-209,146,1,0,20151129,LAL,IND,135007
135008,Shot Chart Detail,21500253,559,1897,Metta World Peace,1610612747,Los Angeles Lakers,4,1,40,Made Shot,Driving Layup Shot,2PT Field Goal,Restricted Area,Center(C),Less Than 8 ft.,0,-4,3,1,1,20151129,LAL,IND,135008
135009,Shot Chart Detail,21500253,577,1897,Metta World Peace,1610612747,Los Angeles Lakers,4,0,23,Made Shot,Jump Shot,3PT Field Goal,Above the Break 3,Right Side Center(RC),24+ ft.,25,135,213,1,1,20151129,LAL,IND,135009
135010,Shot Chart Detail,21500263,205,1897,Metta World Peace,1610612747,Los Angeles Lakers,2,5,26,Missed Shot,Jump Shot,3PT Field Goal,Above the Break 3,Left Side Center(LC),24+ ft.,25,-191,174,1,0,20151201,PHI,LAL,135010
135011,Shot Chart Detail,21500263,462,1897,Metta World Peace,1610612747,Los Angeles Lakers,4,7,26,Missed Shot,Layup Shot,2PT Field Goal,Restricted Area,Center(C),Less Than 8 ft.,1,-7,13,1,0,20151201,PHI,LAL,135011
135012,Shot Chart Detail,21500263,467,1897,Metta World Peace,1610612747,Los Angeles Lakers,4,7,3,Missed Shot,Jump Shot,3PT Field Goal,Above the Break 3,Center(C),24+ ft.,26,-55,257,1,0,20151201,PHI,LAL,135012
135013,Shot Chart Detail,21500269,80,1897,Metta World Peace,1610612747,Los Angeles Lakers,1,3,4,Missed Shot,Jump Shot,2PT Field Goal,In The Paint (Non-RA),Center(C),Less Than 8 ft.,5,-47,31,1,0,20151202,WAS,LAL,135013
135014,Shot Chart Detail,21500269,82,1897,Metta World Peace,1610612747,Los Angeles Lakers,1,2,57,Made Shot,Layup Shot,2PT Field Goal,Restricted Area,Center(C),Less Than 8 ft.,1,-7,18,1,1,20151202,WAS,LAL,135014
135015,Shot Chart Detail,21500269,109,1897,Metta World Peace,1610612747,Los Angeles Lakers,1,0,36,Made Shot,Jump Shot,3PT Field Goal,Above the Break 3,Left Side Center(LC),24+ ft.,24,-88,232,1,1,20151202,WAS,LAL,135015
135016,Shot Chart Detail,21500269,111,1897,Metta World Peace,1610612747,Los Angeles Lakers,1,0,4,Missed Shot,Jump Shot,2PT Field Goal,Mid-Range,Left Side(L),8-16 ft.,14,-148,2,1,0,20151202,WAS,LAL,135016
135017,Shot Chart Detail,21500269,185,1897,Metta World Peace,1610612747,Los Angeles Lakers,2,6,52,Missed Shot,Jump Shot,2PT Field Goal,Mid-Range,Left Side Center(LC),16-24 ft.,21,-165,134,1,0,20151202,WAS,LAL,135017
135018,Shot Chart Detail,21500269,189,1897,Metta World Peace,1610612747,Los Angeles Lakers,2,6,42,Missed Shot,Jump Shot,2PT Field Goal,Mid-Range,Right Side(R),8-16 ft.,11,110,36,1,0,20151202,WAS,LAL,135018
135019,Shot Chart Detail,21500269,212,1897,Metta World Peace,1610612747,Los Angeles Lakers,2,5,0,Made Shot,Jump Shot,2PT Field Goal,Mid-Range,Left Side Center(LC),16-24 ft.,18,-96,154,1,1,20151202,WAS,LAL,135019
135020,Shot Chart Detail,21500269,229,1897,Metta World Peace,1610612747,Los Angeles Lakers,2,3,48,Missed Shot,Jump Shot,3PT Field Goal,Right Corner 3,Right Side(R),24+ ft.,23,238,-16,1,0,20151202,WAS,LAL,135020
135021,Shot Chart Detail,21500286,229,1897,Metta World Peace,1610612747,Los Angeles Lakers,2,1,58,Missed Shot,Jump Shot,2PT Field Goal,Mid-Range,Right Side(R),16-24 ft.,20,204,36,1,0,20151204,ATL,LAL,135021
135022,Shot Chart Detail,21500286,242,1897,Metta World Peace,1610612747,Los Angeles Lakers,2,0,28,Made Shot,Jump Shot,3PT Field Goal,Left Corner 3,Left Side(L),24+ ft.,22,-227,8,1,1,20151204,ATL,LAL,135022
135023,Shot Chart Detail,21500286,367,1897,Metta World Peace,1610612747,Los Angeles Lakers,4,10,32,Missed Shot,Turnaround Jump Shot,2PT Field Goal,Mid-Range,Left Side(L),8-16 ft.,13,-101,85,1,0,20151204,ATL,LAL,135023
135024,Shot Chart Detail,21500301,157,1897,Metta World Peace,1610612747,Los Angeles Lakers,2,11,47,Missed Shot,Layup Shot,2PT Field Goal,Restricted Area,Center(C),Less Than 8 ft.,0,0,-5,1,0,20151206,DET,LAL,135024
135025,Shot Chart Detail,21500301,555,1897,Metta World Peace,1610612747,Los Angeles Lakers,4,0,41,Missed Shot,Jump Shot,2PT Field Goal,Mid-Range,Right Side Center(RC),16-24 ft.,19,115,159,1,0,20151206,DET,LAL,135025
135026,Shot Chart Detail,21500308,218,1897,Metta World Peace,1610612747,Los Angeles Lakers,2,4,35,Missed Shot,Layup Shot,2PT Field Goal,Restricted Area,Center(C),Less Than 8 ft.,3,-37,8,1,0,20151207,TOR,LAL,135026
135027,Shot Chart Detail,21500308,373,1897,Metta World Peace,1610612747,Los Angeles Lakers,3,1,56,Made Shot,Jump Shot,3PT Field Goal,Above the Break 3,Left Side Center(LC),24+ ft.,25,-117,229,1,1,20151207,TOR,LAL,135027
135028,Shot Chart Detail,21500524,192,1897,Metta World Peace,1610612747,Los Angeles Lakers,2,6,46,Made Shot,Jump Shot,3PT Field Goal,Above the Break 3,Left Side Center(LC),24+ ft.,27,-191,198,1,1,20160105,LAL,GSW,135028
135029,Shot Chart Detail,21500524,336,1897,Metta World Peace,1610612747,Los Angeles Lakers,3,6,11,Missed Shot,Jump Shot,3PT Field Goal,Left Corner 3,Left Side(L),24+ ft.,24,-240,-39,1,0,20160105,LAL,GSW,135029
135030,Shot Chart Detail,21500524,360,1897,Metta World Peace,1610612747,Los Angeles Lakers,3,4,56,Missed Shot,Step Back Jump shot,2PT Field Goal,Mid-Range,Right Side(R),8-16 ft.,9,94,7,1,0,20160105,LAL,GSW,135030
135031,Shot Chart Detail,21500524,378,1897,Metta World Peace,1610612747,Los Angeles Lakers,3,4,7,Missed Shot,Layup Shot,2PT Field Goal,Restricted Area,Center(C),Less Than 8 ft.,1,-19,-1,1,0,20160105,LAL,GSW,135031
135032,Shot Chart Detail,21500524,409,1897,Metta World Peace,1610612747,Los Angeles Lakers,3,1,44,Missed Shot,Jump Shot,3PT Field Goal,Above the Break 3,Right Side Center(RC),24+ ft.,24,169,183,1,0,20160105,LAL,GSW,135032
135033,Shot Chart Detail,21500524,422,1897,Metta World Peace,1610612747,Los Angeles Lakers,3,0,49,Missed Shot,Jump Shot,3PT Field Goal,Above the Break 3,Left Side Center(LC),24+ ft.,27,-179,203,1,0,20160105,LAL,GSW,135033
135034,Shot Chart Detail,21500524,441,1897,Metta World Peace,1610612747,Los Angeles Lakers,4,10,52,Missed Shot,Jump Shot,2PT Field Goal,Mid-Range,Right Side Center(RC),16-24 ft.,19,146,124,1,0,20160105,LAL,GSW,135034
135035,Shot Chart Detail,21500524,491,1897,Metta World Peace,1610612747,Los Angeles Lakers,4,5,20,Made Shot,Jump Shot,2PT Field Goal,In The Paint (Non-RA),Center(C),Less Than 8 ft.,5,-20,51,1,1,20160105,LAL,GSW,135035
135036,Shot Chart Detail,21500524,513,1897,Metta World Peace,1610612747,Los Angeles Lakers,4,3,14,Missed Shot,Jump Shot,2PT Field Goal,Restricted Area,Center(C),Less Than 8 ft.,3,-24,23,1,0,20160105,LAL,GSW,135036
135037,Shot Chart Detail,21500524,516,1897,Metta World Peace,1610612747,Los Angeles Lakers,4,3,3,Missed Shot,Layup Shot,2PT Field Goal,Restricted Area,Center(C),Less Than 8 ft.,1,6,16,1,0,20160105,LAL,GSW,135037
135038,Shot Chart Detail,21500565,123,1897,Metta World Peace,1610612747,Los Angeles Lakers,2,11,16,Missed Shot,Jump Shot,3PT Field Goal,Right Corner 3,Right Side(R),24+ ft.,22,223,23,1,0,20160110,LAL,UTA,135038
135039,Shot Chart Detail,21500565,159,1897,Metta World Peace,1610612747,Los Angeles Lakers,2,7,24,Missed Shot,Jump Shot,3PT Field Goal,Above the Break 3,Right Side Center(RC),24+ ft.,24,200,139,1,0,20160110,LAL,UTA,135039
135040,Shot Chart Detail,21500565,162,1897,Metta World Peace,1610612747,Los Angeles Lakers,2,6,57,Made Shot,Jump Shot,3PT Field Goal,Above the Break 3,Right Side Center(RC),24+ ft.,24,210,120,1,1,20160110,LAL,UTA,135040
135041,Shot Chart Detail,21500565,194,1897,Metta World Peace,1610612747,Los Angeles Lakers,2,4,5,Missed Shot,Jump Shot,3PT Field Goal,Above the Break 3,Center(C),24+ ft.,26,-19,262,1,0,20160110,LAL,UTA,135041
135042,Shot Chart Detail,21500565,437,1897,Metta World Peace,1610612747,Los Angeles Lakers,4,5,14,Missed Shot,Jump Shot,2PT Field Goal,In The Paint (Non-RA),Center(C),Less Than 8 ft.,4,-16,47,1,0,20160110,LAL,UTA,135042
135043,Shot Chart Detail,21500795,104,1897,Metta World Peace,1610612747,Los Angeles Lakers,1,1,28,Missed Shot,Jump Shot,3PT Field Goal,Above the Break 3,Left Side Center(LC),24+ ft.,26,-245,90,1,0,20160210,CLE,LAL,135043
135044,Shot Chart Detail,21500795,115,1897,Metta World Peace,1610612747,Los Angeles Lakers,1,0,34,Missed Shot,Jump Shot,3PT Field Goal,Above the Break 3,Right Side Center(RC),24+ ft.,25,184,174,1,0,20160210,CLE,LAL,135044
135045,Shot Chart Detail,21500795,124,1897,Metta World Peace,1610612747,Los Angeles Lakers,2,11,41,Missed Shot,Jump Shot,3PT Field Goal,Right Corner 3,Right Side(R),24+ ft.,23,230,65,1,0,20160210,CLE,LAL,135045
135046,Shot Chart Detail,21500795,175,1897,Metta World Peace,1610612747,Los Angeles Lakers,2,6,26,Missed Shot,Jump Shot,3PT Field Goal,Left Corner 3,Left Side(L),24+ ft.,24,-240,11,1,0,20160210,CLE,LAL,135046
135047,Shot Chart Detail,21500795,353,1897,Metta World Peace,1610612747,Los Angeles Lakers,3,3,52,Missed Shot,Jump Shot,3PT Field Goal,Right Corner 3,Right Side(R),24+ ft.,23,232,61,1,0,20160210,CLE,LAL,135047
135048,Shot Chart Detail,21500795,356,1897,Metta World Peace,1610612747,Los Angeles Lakers,3,3,32,Missed Shot,Turnaround Jump Shot,2PT Field Goal,In The Paint (Non-RA),Center(C),Less Than 8 ft.,6,-35,52,1,0,20160210,CLE,LAL,135048
135049,Shot Chart Detail,21500795,368,1897,Metta World Peace,1610612747,Los Angeles Lakers,3,2,44,Missed Shot,Layup Shot,2PT Field Goal,Restricted Area,Center(C),Less Than 8 ft.,0,-2,8,1,0,20160210,CLE,LAL,135049
135050,Shot Chart Detail,21500795,540,1897,Metta World Peace,1610612747,Los Angeles Lakers,4,0,27,Made Shot,Driving Layup Shot,2PT Field Goal,Restricted Area,Center(C),Less Than 8 ft.,1,19,-6,1,1,20160210,CLE,LAL,135050
135051,Shot Chart Detail,21500921,84,1897,Metta World Peace,1610612747,Los Angeles Lakers,1,2,2,Missed Shot,Layup Shot,2PT Field Goal,Restricted Area,Center(C),Less Than 8 ft.,2,-20,-6,1,0,20160304,LAL,ATL,135051
135052,Shot Chart Detail,21500921,107,1897,Metta World Peace,1610612747,Los Angeles Lakers,1,0,33,Missed Shot,Jump Shot,3PT Field Goal,Above the Break 3,Center(C),24+ ft.,24,48,237,1,0,20160304,LAL,ATL,135052
135053,Shot Chart Detail,21500921,145,1897,Metta World Peace,1610612747,Los Angeles Lakers,2,8,15,Missed Shot,Jump Shot,3PT Field Goal,Above the Break 3,Left Side Center(LC),24+ ft.,25,-235,97,1,0,20160304,LAL,ATL,135053
135054,Shot Chart Detail,21500921,158,1897,Metta World Peace,1610612747,Los Angeles Lakers,2,7,25,Missed Shot,Jump Shot,3PT Field Goal,Left Corner 3,Left Side(L),24+ ft.,23,-232,-15,1,0,20160304,LAL,ATL,135054
135055,Shot Chart Detail,21500921,351,1897,Metta World Peace,1610612747,Los Angeles Lakers,3,1,32,Missed Shot,Jump Shot,2PT Field Goal,Mid-Range,Center(C),16-24 ft.,21,43,213,1,0,20160304,LAL,ATL,135055
135056,Shot Chart Detail,21500949,99,1897,Metta World Peace,1610612747,Los Angeles Lakers,2,11,14,Made Shot,Jump Shot,3PT Field Goal,Left Corner 3,Left Side(L),24+ ft.,24,-248,7,1,1,20160308,LAL,ORL,135056
135057,Shot Chart Detail,21500962,108,1897,Metta World Peace,1610612747,Los Angeles Lakers,1,1,12,Missed Shot,Jump Shot,2PT Field Goal,Mid-Range,Right Side(R),8-16 ft.,14,141,33,1,0,20160310,LAL,CLE,135057
135058,Shot Chart Detail,21500962,314,1897,Metta World Peace,1610612747,Los Angeles Lakers,3,3,14,Missed Shot,Jump Shot,3PT Field Goal,Left Corner 3,Left Side(L),24+ ft.,23,-230,7,1,0,20160310,LAL,CLE,135058
135059,Shot Chart Detail,21500962,388,1897,Metta World Peace,1610612747,Los Angeles Lakers,4,8,41,Made Shot,Fadeaway Jump Shot,2PT Field Goal,In The Paint (Non-RA),Center(C),8-16 ft.,10,9,100,1,1,20160310,LAL,CLE,135059
135060,Shot Chart Detail,21500987,125,1897,Metta World Peace,1610612747,Los Angeles Lakers,1,0,45,Missed Shot,Jump Shot,3PT Field Goal,Above the Break 3,Right Side Center(RC),24+ ft.,25,104,228,1,0,20160313,LAL,NYK,135060
135061,Shot Chart Detail,21500987,151,1897,Metta World Peace,1610612747,Los Angeles Lakers,2,10,38,Missed Shot,Jump Shot,2PT Field Goal,In The Paint (Non-RA),Center(C),Less Than 8 ft.,4,-6,46,1,0,20160313,LAL,NYK,135061
135062,Shot Chart Detail,21500987,153,1897,Metta World Peace,1610612747,Los Angeles Lakers,2,10,35,Missed Shot,Layup Shot,2PT Field Goal,Restricted Area,Center(C),Less Than 8 ft.,1,14,7,1,0,20160313,LAL,NYK,135062
135063,Shot Chart Detail,21500987,173,1897,Metta World Peace,1610612747,Los Angeles Lakers,2,8,18,Made Shot,Jump Shot,2PT Field Goal,In The Paint (Non-RA),Center(C),Less Than 8 ft.,7,69,13,1,1,20160313,LAL,NYK,135063
135064,Shot Chart Detail,21500987,181,1897,Metta World Peace,1610612747,Los Angeles Lakers,2,6,38,Missed Shot,Jump Shot,3PT Field Goal,Above the Break 3,Right Side Center(RC),24+ ft.,24,223,105,1,0,20160313,LAL,NYK,135064
135065,Shot Chart Detail,21501002,16,1897,Metta World Peace,1610612747,Los Angeles Lakers,1,10,14,Missed Shot,Jump Shot,3PT Field Goal,Right Corner 3,Right Side(R),24+ ft.,25,250,-11,1,0,20160315,LAL,SAC,135065
135066,Shot Chart Detail,21501002,26,1897,Metta World Peace,1610612747,Los Angeles Lakers,1,9,20,Made Shot,Driving Reverse Layup Shot,2PT Field Goal,Restricted Area,Center(C),Less Than 8 ft.,0,-1,2,1,1,20160315,LAL,SAC,135066
135067,Shot Chart Detail,21501002,81,1897,Metta World Peace,1610612747,Los Angeles Lakers,1,4,56,Missed Shot,Reverse Layup Shot,2PT Field Goal,Restricted Area,Center(C),Less Than 8 ft.,2,9,18,1,0,20160315,LAL,SAC,135067
135068,Shot Chart Detail,21501002,83,1897,Metta World Peace,1610612747,Los Angeles Lakers,1,4,47,Missed Shot,Layup Shot,2PT Field Goal,Restricted Area,Center(C),Less Than 8 ft.,0,1,8,1,0,20160315,LAL,SAC,135068
135069,Shot Chart Detail,21501002,248,1897,Metta World Peace,1610612747,Los Angeles Lakers,2,3,35,Missed Shot,Jump Shot,3PT Field Goal,Above the Break 3,Left Side Center(LC),24+ ft.,25,-228,120,1,0,20160315,LAL,SAC,135069
135070,Shot Chart Detail,21501002,313,1897,Metta World Peace,1610612747,Los Angeles Lakers,3,9,26,Missed Shot,Jump Shot,3PT Field Goal,Above the Break 3,Right Side Center(RC),24+ ft.,24,120,213,1,0,20160315,LAL,SAC,135070
135071,Shot Chart Detail,21501027,210,1897,Metta World Peace,1610612747,Los Angeles Lakers,2,3,36,Missed Shot,Jump Shot,3PT Field Goal,Above the Break 3,Right Side Center(RC),24+ ft.,24,89,228,1,0,20160318,LAL,PHX,135071
135072,Shot Chart Detail,21501027,234,1897,Metta World Peace,1610612747,Los Angeles Lakers,2,1,53,Made Shot,Jump Shot,2PT Field Goal,Mid-Range,Right Side Center(RC),16-24 ft.,21,71,203,1,1,20160318,LAL,PHX,135072
135073,Shot Chart Detail,21501027,286,1897,Metta World Peace,1610612747,Los Angeles Lakers,3,8,59,Missed Shot,Layup Shot,2PT Field Goal,Restricted Area,Center(C),Less Than 8 ft.,1,14,2,1,0,20160318,LAL,PHX,135073
135074,Shot Chart Detail,21501027,346,1897,Metta World Peace,1610612747,Los Angeles Lakers,3,4,42,Missed Shot,Jump Shot,3PT Field Goal,Left Corner 3,Left Side(L),24+ ft.,23,-237,2,1,0,20160318,LAL,PHX,135074
135075,Shot Chart Detail,21501027,358,1897,Metta World Peace,1610612747,Los Angeles Lakers,3,3,33,Made Shot,Jump Shot,3PT Field Goal,Left Corner 3,Left Side(L),24+ ft.,24,-241,46,1,1,20160318,LAL,PHX,135075
135076,Shot Chart Detail,21501027,380,1897,Metta World Peace,1610612747,Los Angeles Lakers,3,2,13,Missed Shot,Jump Shot,3PT Field Goal,Above the Break 3,Right Side Center(RC),24+ ft.,25,150,200,1,0,20160318,LAL,PHX,135076
135077,Shot Chart Detail,21501055,111,1897,Metta World Peace,1610612747,Los Angeles Lakers,1,0,0,Missed Shot,Alley Oop Layup shot,2PT Field Goal,Restricted Area,Center(C),Less Than 8 ft.,3,-35,5,1,0,20160322,LAL,MEM,135077
135078,Shot Chart Detail,21501055,120,1897,Metta World Peace,1610612747,Los Angeles Lakers,2,11,18,Made Shot,Turnaround Fadeaway shot,2PT Field Goal,In The Paint (Non-RA),Left Side(L),8-16 ft.,8,-70,56,1,1,20160322,LAL,MEM,135078
135079,Shot Chart Detail,21501055,357,1897,Metta World Peace,1610612747,Los Angeles Lakers,3,0,51,Missed Shot,Jump Shot,3PT Field Goal,Left Corner 3,Left Side(L),24+ ft.,23,-235,-11,1,0,20160322,LAL,MEM,135079
135080,Shot Chart Detail,21501055,373,1897,Metta World Peace,1610612747,Los Angeles Lakers,3,0,12,Missed Shot,Jump Shot,2PT Field Goal,In The Paint (Non-RA),Center(C),Less Than 8 ft.,5,-56,18,1,0,20160322,LAL,MEM,135080
135081,Shot Chart Detail,21501065,132,1897,Metta World Peace,1610612747,Los Angeles Lakers,2,11,49,Missed Shot,Jump Shot,3PT Field Goal,Left Corner 3,Left Side(L),24+ ft.,23,-238,-6,1,0,20160323,PHX,LAL,135081
135082,Shot Chart Detail,21501065,149,1897,Metta World Peace,1610612747,Los Angeles Lakers,2,9,25,Made Shot,Driving Finger Roll Layup Shot,2PT Field Goal,Restricted Area,Center(C),Less Than 8 ft.,1,9,11,1,1,20160323,PHX,LAL,135082
135083,Shot Chart Detail,21501065,174,1897,Metta World Peace,1610612747,Los Angeles Lakers,2,7,7,Missed Shot,Driving Finger Roll Layup Shot,2PT Field Goal,Restricted Area,Center(C),Less Than 8 ft.,1,12,2,1,0,20160323,PHX,LAL,135083
135084,Shot Chart Detail,21501065,354,1897,Metta World Peace,1610612747,Los Angeles Lakers,3,3,39,Missed Shot,Jump Shot,3PT Field Goal,Above the Break 3,Center(C),24+ ft.,24,74,234,1,0,20160323,PHX,LAL,135084
135085,Shot Chart Detail,21501065,358,1897,Metta World Peace,1610612747,Los Angeles Lakers,3,3,23,Missed Shot,Layup Shot,2PT Field Goal,Restricted Area,Center(C),Less Than 8 ft.,1,10,-1,1,0,20160323,PHX,LAL,135085
135086,Shot Chart Detail,21501065,394,1897,Metta World Peace,1610612747,Los Angeles Lakers,3,0,28,Missed Shot,Jump Shot,2PT Field Goal,Mid-Range,Right Side(R),16-24 ft.,19,194,41,1,0,20160323,PHX,LAL,135086
135087,Shot Chart Detail,21501065,425,1897,Metta World Peace,1610612747,Los Angeles Lakers,4,8,58,Made Shot,Driving Layup Shot,2PT Field Goal,Restricted Area,Center(C),Less Than 8 ft.,0,-4,3,1,1,20160323,PHX,LAL,135087
135088,Shot Chart Detail,21501081,205,1897,Metta World Peace,1610612747,Los Angeles Lakers,2,6,36,Missed Shot,Jump Shot,3PT Field Goal,Above the Break 3,Left Side Center(LC),24+ ft.,25,-214,131,1,0,20160325,LAL,DEN,135088
135089,Shot Chart Detail,21501081,402,1897,Metta World Peace,1610612747,Los Angeles Lakers,3,2,2,Made Shot,Driving Layup Shot,2PT Field Goal,Restricted Area,Center(C),Less Than 8 ft.,2,-4,21,1,1,20160325,LAL,DEN,135089
135090,Shot Chart Detail,21501081,437,1897,Metta World Peace,1610612747,Los Angeles Lakers,4,11,5,Missed Shot,Fadeaway Jump Shot,2PT Field Goal,In The Paint (Non-RA),Center(C),Less Than 8 ft.,5,-14,57,1,0,20160325,LAL,DEN,135090
135091,Shot Chart Detail,21501081,439,1897,Metta World Peace,1610612747,Los Angeles Lakers,4,11,0,Missed Shot,Layup Shot,2PT Field Goal,Restricted Area,Center(C),Less Than 8 ft.,1,14,-6,1,0,20160325,LAL,DEN,135091
135092,Shot Chart Detail,21501081,450,1897,Metta World Peace,1610612747,Los Angeles Lakers,4,10,31,Missed Shot,Jump Shot,3PT Field Goal,Above the Break 3,Right Side Center(RC),24+ ft.,25,227,115,1,0,20160325,LAL,DEN,135092
135093,Shot Chart Detail,21501081,464,1897,Metta World Peace,1610612747,Los Angeles Lakers,4,9,26,Made Shot,Jump Shot,2PT Field Goal,Mid-Range,Center(C),16-24 ft.,21,-55,208,1,1,20160325,LAL,DEN,135093
135094,Shot Chart Detail,21501104,102,1897,Metta World Peace,1610612747,Los Angeles Lakers,1,0,55,Missed Shot,Jump Shot,3PT Field Goal,Above the Break 3,Right Side Center(RC),24+ ft.,24,220,115,1,0,20160328,UTA,LAL,135094
135095,Shot Chart Detail,21501104,134,1897,Metta World Peace,1610612747,Los Angeles Lakers,2,10,52,Made Shot,Jump Shot,3PT Field Goal,Above the Break 3,Right Side Center(RC),24+ ft.,24,104,223,1,1,20160328,UTA,LAL,135095
135096,Shot Chart Detail,21501104,140,1897,Metta World Peace,1610612747,Los Angeles Lakers,2,10,30,Made Shot,Driving Layup Shot,2PT Field Goal,Restricted Area,Center(C),Less Than 8 ft.,1,0,11,1,1,20160328,UTA,LAL,135096
135097,Shot Chart Detail,21501164,94,1897,Metta World Peace,1610612747,Los Angeles Lakers,1,3,15,Missed Shot,Layup Shot,2PT Field Goal,Restricted Area,Center(C),Less Than 8 ft.,1,10,16,1,0,20160405,LAC,LAL,135097
135098,Shot Chart Detail,21501164,106,1897,Metta World Peace,1610612747,Los Angeles Lakers,1,2,12,Made Shot,Driving Layup Shot,2PT Field Goal,Restricted Area,Center(C),Less Than 8 ft.,2,-17,23,1,1,20160405,LAC,LAL,135098
135099,Shot Chart Detail,21501164,138,1897,Metta World Peace,1610612747,Los Angeles Lakers,1,0,4,Made Shot,Jump Shot,3PT Field Goal,Right Corner 3,Right Side(R),24+ ft.,24,243,3,1,1,20160405,LAC,LAL,135099
135100,Shot Chart Detail,21501164,147,1897,Metta World Peace,1610612747,Los Angeles Lakers,2,11,10,Missed Shot,Pullup Jump shot,2PT Field Goal,Mid-Range,Left Side(L),16-24 ft.,18,-181,2,1,0,20160405,LAC,LAL,135100
135101,Shot Chart Detail,21501164,178,1897,Metta World Peace,1610612747,Los Angeles Lakers,2,8,44,Made Shot,Running Dunk Shot,2PT Field Goal,Restricted Area,Center(C),Less Than 8 ft.,0,0,1,1,1,20160405,LAC,LAL,135101
135102,Shot Chart Detail,21501164,353,1897,Metta World Peace,1610612747,Los Angeles Lakers,3,3,52,Missed Shot,Reverse Layup Shot,2PT Field Goal,Restricted Area,Center(C),Less Than 8 ft.,1,6,9,1,0,20160405,LAC,LAL,135102
135103,Shot Chart Detail,21501164,370,1897,Metta World Peace,1610612747,Los Angeles Lakers,3,1,37,Made Shot,Driving Layup Shot,2PT Field Goal,Restricted Area,Center(C),Less Than 8 ft.,2,-22,18,1,1,20160405,LAC,LAL,135103
135104,Shot Chart Detail,21501164,376,1897,Metta World Peace,1610612747,Los Angeles Lakers,3,0,4,Missed Shot,Layup Shot,2PT Field Goal,Restricted Area,Center(C),Less Than 8 ft.,1,-12,11,1,0,20160405,LAC,LAL,135104
135105,Shot Chart Detail,21501164,432,1897,Metta World Peace,1610612747,Los Angeles Lakers,4,7,39,Missed Shot,Jump Shot,3PT Field Goal,Above the Break 3,Right Side Center(RC),24+ ft.,27,107,252,1,0,20160405,LAC,LAL,135105
135106,Shot Chart Detail,21501164,515,1897,Metta World Peace,1610612747,Los Angeles Lakers,4,0,35,Made Shot,Jump Shot,3PT Field Goal,Above the Break 3,Left Side Center(LC),24+ ft.,26,-250,101,1,1,20160405,LAC,LAL,135106
135107,Shot Chart Detail,21501172,95,1897,Metta World Peace,1610612747,Los Angeles Lakers,1,2,34,Missed Shot,Jump Shot,2PT Field Goal,In The Paint (Non-RA),Center(C),Less Than 8 ft.,4,-29,31,1,0,20160406,LAL,LAC,135107
135108,Shot Chart Detail,21501172,115,1897,Metta World Peace,1610612747,Los Angeles Lakers,1,0,7,Missed Shot,Fadeaway Jump Shot,2PT Field Goal,In The Paint (Non-RA),Center(C),8-16 ft.,11,10,115,1,0,20160406,LAL,LAC,135108
135109,Shot Chart Detail,21501195,129,1897,Metta World Peace,1610612747,Los Angeles Lakers,2,11,6,Missed Shot,Jump Shot,3PT Field Goal,Left Corner 3,Left Side(L),24+ ft.,23,-232,2,1,0,20160410,HOU,LAL,135109
135110,Shot Chart Detail,21501195,135,1897,Metta World Peace,1610612747,Los Angeles Lakers,2,10,29,Made Shot,Jump Shot,3PT Field Goal,Right Corner 3,Right Side(R),24+ ft.,23,233,-11,1,1,20160410,HOU,LAL,135110
135111,Shot Chart Detail,21501195,393,1897,Metta World Peace,1610612747,Los Angeles Lakers,4,10,35,Made Shot,Jump Shot,3PT Field Goal,Above the Break 3,Left Side Center(LC),24+ ft.,24,-79,237,1,1,20160410,HOU,LAL,135111
135112,Shot Chart Detail,21501195,412,1897,Metta World Peace,1610612747,Los Angeles Lakers,4,8,12,Made Shot,Turnaround Fadeaway shot,2PT Field Goal,In The Paint (Non-RA),Center(C),8-16 ft.,10,28,101,1,1,20160410,HOU,LAL,135112
135113,Shot Chart Detail,21501195,506,1897,Metta World Peace,1610612747,Los Angeles Lakers,4,0,50,Missed Shot,Jump Shot,2PT Field Goal,Mid-Range,Right Side(R),8-16 ft.,14,133,62,1,0,20160410,HOU,LAL,135113
135114,Shot Chart Detail,21501209,157,1897,Metta World Peace,1610612747,Los Angeles Lakers,2,11,16,Missed Shot,Jump Shot,3PT Field Goal,Left Corner 3,Left Side(L),24+ ft.,22,-223,7,1,0,20160411,OKC,LAL,135114
135115,Shot Chart Detail,21501209,168,1897,Metta World Peace,1610612747,Los Angeles Lakers,2,10,16,Missed Shot,Jump Shot,3PT Field Goal,Left Corner 3,Left Side(L),24+ ft.,22,-222,7,1,0,20160411,OKC,LAL,135115
135116,Shot Chart Detail,21501209,388,1897,Metta World Peace,1610612747,Los Angeles Lakers,3,4,39,Missed Shot,Driving Layup Shot,2PT Field Goal,Restricted Area,Center(C),Less Than 8 ft.,1,17,3,1,0,20160411,OKC,LAL,135116
135117,Shot Chart Detail,21501209,404,1897,Metta World Peace,1610612747,Los Angeles Lakers,3,2,32,Made Shot,Jump Shot,3PT Field Goal,Above the Break 3,Left Side Center(LC),24+ ft.,25,-107,228,1,1,20160411,OKC,LAL,135117
135118,Shot Chart Detail,21501209,407,1897,Metta World Peace,1610612747,Los Angeles Lakers,3,2,8,Missed Shot,Jump Shot,3PT Field Goal,Above the Break 3,Left Side Center(LC),24+ ft.,24,-127,214,1,0,20160411,OKC,LAL,135118
135119,Shot Chart Detail,21501209,456,1897,Metta World Peace,1610612747,Los Angeles Lakers,4,9,28,Missed Shot,Driving Layup Shot,2PT Field Goal,Restricted Area,Center(C),Less Than 8 ft.,0,1,1,1,0,20160411,OKC,LAL,135119
135120,Shot Chart Detail,21501209,482,1897,Metta World Peace,1610612747,Los Angeles Lakers,4,6,52,Made Shot,Pullup Jump shot,3PT Field Goal,Above the Break 3,Right Side Center(RC),24+ ft.,24,112,218,1,1,20160411,OKC,LAL,135120
135121,Shot Chart Detail,21501209,488,1897,Metta World Peace,1610612747,Los Angeles Lakers,4,6,10,Missed Shot,Layup Shot,2PT Field Goal,Restricted Area,Center(C),Less Than 8 ft.,0,-4,-1,1,0,20160411,OKC,LAL,135121
135122,Shot Chart Detail,21501209,512,1897,Metta World Peace,1610612747,Los Angeles Lakers,4,4,49,Made Shot,Running Layup Shot,2PT Field Goal,Restricted Area,Center(C),Less Than 8 ft.,1,-9,7,1,1,20160411,OKC,LAL,135122
135123,Shot Chart Detail,21501209,515,1897,Metta World Peace,1610612747,Los Angeles Lakers,4,4,13,Missed Shot,Jump Shot,3PT Field Goal,Left Corner 3,Left Side(L),24+ ft.,23,-235,21,1,0,20160411,OKC,LAL,135123
